<?xml version="1.0" encoding="UTF-8"?>
<Map_Export>
    <Map_Values>
        <NoOfTextures>7</NoOfTextures>
        <TotalTiles>156</TotalTiles>
        <RowSize>12</RowSize>
        <ColSize>13</ColSize>
        <Texture0>floor</Texture0>
        <Texture1>floor1</Texture1>
        <Texture2>wall</Texture2>
        <Texture3>wall1</Texture3>
        <Texture4>empty</Texture4>
        <Texture5>playerNode</Texture5>
        <Texture6>NPCNode</Texture6>
    </Map_Values>
    <Tiles>
        <Tile0>
            <IndexX>0</IndexX>
            <IndexY>0</IndexY>
            <PositionX>0</PositionX>
            <PositionY>0</PositionY>
            <Image>wall</Image>
            <Type>Wall</Type>
        </Tile0>
        <Tile1>
            <IndexX>1</IndexX>
            <IndexY>0</IndexY>
            <PositionX>50</PositionX>
            <PositionY>0</PositionY>
            <Image>wall</Image>
            <Type>Wall</Type>
        </Tile1>
        <Tile2>
            <IndexX>2</IndexX>
            <IndexY>0</IndexY>
            <PositionX>100</PositionX>
            <PositionY>0</PositionY>
            <Image>wall</Image>
            <Type>Wall</Type>
        </Tile2>
        <Tile3>
            <IndexX>3</IndexX>
            <IndexY>0</IndexY>
            <PositionX>150</PositionX>
            <PositionY>0</PositionY>
            <Image>wall</Image>
            <Type>Wall</Type>
        </Tile3>
        <Tile4>
            <IndexX>4</IndexX>
            <IndexY>0</IndexY>
            <PositionX>200</PositionX>
            <PositionY>0</PositionY>
            <Image>wall</Image>
            <Type>Wall</Type>
        </Tile4>
        <Tile5>
            <IndexX>5</IndexX>
            <IndexY>0</IndexY>
            <PositionX>250</PositionX>
            <PositionY>0</PositionY>
            <Image>wall</Image>
            <Type>Wall</Type>
        </Tile5>
        <Tile6>
            <IndexX>6</IndexX>
            <IndexY>0</IndexY>
            <PositionX>300</PositionX>
            <PositionY>0</PositionY>
            <Image>wall</Image>
            <Type>Wall</Type>
        </Tile6>
        <Tile7>
            <IndexX>7</IndexX>
            <IndexY>0</IndexY>
            <PositionX>350</PositionX>
            <PositionY>0</PositionY>
            <Image>wall</Image>
            <Type>Wall</Type>
        </Tile7>
        <Tile8>
            <IndexX>8</IndexX>
            <IndexY>0</IndexY>
            <PositionX>400</PositionX>
            <PositionY>0</PositionY>
            <Image>wall</Image>
            <Type>Wall</Type>
        </Tile8>
        <Tile9>
            <IndexX>9</IndexX>
            <IndexY>0</IndexY>
            <PositionX>450</PositionX>
            <PositionY>0</PositionY>
            <Image>wall</Image>
            <Type>Wall</Type>
        </Tile9>
        <Tile10>
            <IndexX>10</IndexX>
            <IndexY>0</IndexY>
            <PositionX>500</PositionX>
            <PositionY>0</PositionY>
            <Image>wall</Image>
            <Type>Wall</Type>
        </Tile10>
        <Tile11>
            <IndexX>11</IndexX>
            <IndexY>0</IndexY>
            <PositionX>550</PositionX>
            <PositionY>0</PositionY>
            <Image>wall</Image>
            <Type>Wall</Type>
        </Tile11>
        <Tile12>
            <IndexX>12</IndexX>
            <IndexY>0</IndexY>
            <PositionX>600</PositionX>
            <PositionY>0</PositionY>
            <Image>wall</Image>
            <Type>Wall</Type>
        </Tile12>
        <Tile13>
            <IndexX>0</IndexX>
            <IndexY>1</IndexY>
            <PositionX>0</PositionX>
            <PositionY>50</PositionY>
            <Image>wall</Image>
            <Type>Wall</Type>
        </Tile13>
        <Tile14>
            <IndexX>1</IndexX>
            <IndexY>1</IndexY>
            <PositionX>50</PositionX>
            <PositionY>50</PositionY>
            <Image>floor1</Image>
            <Type>Floor</Type>
        </Tile14>
        <Tile15>
            <IndexX>2</IndexX>
            <IndexY>1</IndexY>
            <PositionX>100</PositionX>
            <PositionY>50</PositionY>
            <Image>floor1</Image>
            <Type>Floor</Type>
        </Tile15>
        <Tile16>
            <IndexX>3</IndexX>
            <IndexY>1</IndexY>
            <PositionX>150</PositionX>
            <PositionY>50</PositionY>
            <Image>wall1</Image>
            <Type>Wall</Type>
        </Tile16>
        <Tile17>
            <IndexX>4</IndexX>
            <IndexY>1</IndexY>
            <PositionX>200</PositionX>
            <PositionY>50</PositionY>
            <Image>floor1</Image>
            <Type>Floor</Type>
        </Tile17>
        <Tile18>
            <IndexX>5</IndexX>
            <IndexY>1</IndexY>
            <PositionX>250</PositionX>
            <PositionY>50</PositionY>
            <Image>floor1</Image>
            <Type>Floor</Type>
        </Tile18>
        <Tile19>
            <IndexX>6</IndexX>
            <IndexY>1</IndexY>
            <PositionX>300</PositionX>
            <PositionY>50</PositionY>
            <Image>floor1</Image>
            <Type>Floor</Type>
        </Tile19>
        <Tile20>
            <IndexX>7</IndexX>
            <IndexY>1</IndexY>
            <PositionX>350</PositionX>
            <PositionY>50</PositionY>
            <Image>floor1</Image>
            <Type>Floor</Type>
        </Tile20>
        <Tile21>
            <IndexX>8</IndexX>
            <IndexY>1</IndexY>
            <PositionX>400</PositionX>
            <PositionY>50</PositionY>
            <Image>floor1</Image>
            <Type>Floor</Type>
        </Tile21>
        <Tile22>
            <IndexX>9</IndexX>
            <IndexY>1</IndexY>
            <PositionX>450</PositionX>
            <PositionY>50</PositionY>
            <Image>wall1</Image>
            <Type>Wall</Type>
        </Tile22>
        <Tile23>
            <IndexX>10</IndexX>
            <IndexY>1</IndexY>
            <PositionX>500</PositionX>
            <PositionY>50</PositionY>
            <Image>floor1</Image>
            <Type>Floor</Type>
        </Tile23>
        <Tile24>
            <IndexX>11</IndexX>
            <IndexY>1</IndexY>
            <PositionX>550</PositionX>
            <PositionY>50</PositionY>
            <Image>floor1</Image>
            <Type>Floor</Type>
        </Tile24>
        <Tile25>
            <IndexX>12</IndexX>
            <IndexY>1</IndexY>
            <PositionX>600</PositionX>
            <PositionY>50</PositionY>
            <Image>wall</Image>
            <Type>Wall</Type>
        </Tile25>
        <Tile26>
            <IndexX>0</IndexX>
            <IndexY>2</IndexY>
            <PositionX>0</PositionX>
            <PositionY>100</PositionY>
            <Image>wall</Image>
            <Type>Wall</Type>
        </Tile26>
        <Tile27>
            <IndexX>1</IndexX>
            <IndexY>2</IndexY>
            <PositionX>50</PositionX>
            <PositionY>100</PositionY>
            <Image>floor1</Image>
            <Type>Floor</Type>
        </Tile27>
        <Tile28>
            <IndexX>2</IndexX>
            <IndexY>2</IndexY>
            <PositionX>100</PositionX>
            <PositionY>100</PositionY>
            <Image>floor1</Image>
            <Type>Floor</Type>
        </Tile28>
        <Tile29>
            <IndexX>3</IndexX>
            <IndexY>2</IndexY>
            <PositionX>150</PositionX>
            <PositionY>100</PositionY>
            <Image>wall1</Image>
            <Type>Wall</Type>
        </Tile29>
        <Tile30>
            <IndexX>4</IndexX>
            <IndexY>2</IndexY>
            <PositionX>200</PositionX>
            <PositionY>100</PositionY>
            <Image>floor1</Image>
            <Type>Floor</Type>
        </Tile30>
        <Tile31>
            <IndexX>5</IndexX>
            <IndexY>2</IndexY>
            <PositionX>250</PositionX>
            <PositionY>100</PositionY>
            <Image>floor1</Image>
            <Type>Floor</Type>
        </Tile31>
        <Tile32>
            <IndexX>6</IndexX>
            <IndexY>2</IndexY>
            <PositionX>300</PositionX>
            <PositionY>100</PositionY>
            <Image>floor</Image>
            <Type>Floor</Type>
        </Tile32>
        <Tile33>
            <IndexX>7</IndexX>
            <IndexY>2</IndexY>
            <PositionX>350</PositionX>
            <PositionY>100</PositionY>
            <Image>floor1</Image>
            <Type>Floor</Type>
        </Tile33>
        <Tile34>
            <IndexX>8</IndexX>
            <IndexY>2</IndexY>
            <PositionX>400</PositionX>
            <PositionY>100</PositionY>
            <Image>floor1</Image>
            <Type>Floor</Type>
        </Tile34>
        <Tile35>
            <IndexX>9</IndexX>
            <IndexY>2</IndexY>
            <PositionX>450</PositionX>
            <PositionY>100</PositionY>
            <Image>wall1</Image>
            <Type>Wall</Type>
        </Tile35>
        <Tile36>
            <IndexX>10</IndexX>
            <IndexY>2</IndexY>
            <PositionX>500</PositionX>
            <PositionY>100</PositionY>
            <Image>floor1</Image>
            <Type>Floor</Type>
        </Tile36>
        <Tile37>
            <IndexX>11</IndexX>
            <IndexY>2</IndexY>
            <PositionX>550</PositionX>
            <PositionY>100</PositionY>
            <Image>floor1</Image>
            <Type>Floor</Type>
        </Tile37>
        <Tile38>
            <IndexX>12</IndexX>
            <IndexY>2</IndexY>
            <PositionX>600</PositionX>
            <PositionY>100</PositionY>
            <Image>wall</Image>
            <Type>Wall</Type>
        </Tile38>
        <Tile39>
            <IndexX>0</IndexX>
            <IndexY>3</IndexY>
            <PositionX>0</PositionX>
            <PositionY>150</PositionY>
            <Image>wall</Image>
            <Type>Wall</Type>
        </Tile39>
        <Tile40>
            <IndexX>1</IndexX>
            <IndexY>3</IndexY>
            <PositionX>50</PositionX>
            <PositionY>150</PositionY>
            <Image>floor1</Image>
            <Type>Floor</Type>
        </Tile40>
        <Tile41>
            <IndexX>2</IndexX>
            <IndexY>3</IndexY>
            <PositionX>100</PositionX>
            <PositionY>150</PositionY>
            <Image>floor1</Image>
            <Type>Floor</Type>
        </Tile41>
        <Tile42>
            <IndexX>3</IndexX>
            <IndexY>3</IndexY>
            <PositionX>150</PositionX>
            <PositionY>150</PositionY>
            <Image>wall1</Image>
            <Type>Wall</Type>
        </Tile42>
        <Tile43>
            <IndexX>4</IndexX>
            <IndexY>3</IndexY>
            <PositionX>200</PositionX>
            <PositionY>150</PositionY>
            <Image>floor1</Image>
            <Type>Floor</Type>
        </Tile43>
        <Tile44>
            <IndexX>5</IndexX>
            <IndexY>3</IndexY>
            <PositionX>250</PositionX>
            <PositionY>150</PositionY>
            <Image>floor1</Image>
            <Type>Floor</Type>
        </Tile44>
        <Tile45>
            <IndexX>6</IndexX>
            <IndexY>3</IndexY>
            <PositionX>300</PositionX>
            <PositionY>150</PositionY>
            <Image>floor1</Image>
            <Type>Floor</Type>
        </Tile45>
        <Tile46>
            <IndexX>7</IndexX>
            <IndexY>3</IndexY>
            <PositionX>350</PositionX>
            <PositionY>150</PositionY>
            <Image>floor1</Image>
            <Type>Floor</Type>
        </Tile46>
        <Tile47>
            <IndexX>8</IndexX>
            <IndexY>3</IndexY>
            <PositionX>400</PositionX>
            <PositionY>150</PositionY>
            <Image>floor1</Image>
            <Type>Floor</Type>
        </Tile47>
        <Tile48>
            <IndexX>9</IndexX>
            <IndexY>3</IndexY>
            <PositionX>450</PositionX>
            <PositionY>150</PositionY>
            <Image>wall1</Image>
            <Type>Wall</Type>
        </Tile48>
        <Tile49>
            <IndexX>10</IndexX>
            <IndexY>3</IndexY>
            <PositionX>500</PositionX>
            <PositionY>150</PositionY>
            <Image>floor1</Image>
            <Type>Floor</Type>
        </Tile49>
        <Tile50>
            <IndexX>11</IndexX>
            <IndexY>3</IndexY>
            <PositionX>550</PositionX>
            <PositionY>150</PositionY>
            <Image>floor1</Image>
            <Type>Floor</Type>
        </Tile50>
        <Tile51>
            <IndexX>12</IndexX>
            <IndexY>3</IndexY>
            <PositionX>600</PositionX>
            <PositionY>150</PositionY>
            <Image>wall</Image>
            <Type>Wall</Type>
        </Tile51>
        <Tile52>
            <IndexX>0</IndexX>
            <IndexY>4</IndexY>
            <PositionX>0</PositionX>
            <PositionY>200</PositionY>
            <Image>wall</Image>
            <Type>Wall</Type>
        </Tile52>
        <Tile53>
            <IndexX>1</IndexX>
            <IndexY>4</IndexY>
            <PositionX>50</PositionX>
            <PositionY>200</PositionY>
            <Image>floor1</Image>
            <Type>Floor</Type>
        </Tile53>
        <Tile54>
            <IndexX>2</IndexX>
            <IndexY>4</IndexY>
            <PositionX>100</PositionX>
            <PositionY>200</PositionY>
            <Image>floor1</Image>
            <Type>Floor</Type>
        </Tile54>
        <Tile55>
            <IndexX>3</IndexX>
            <IndexY>4</IndexY>
            <PositionX>150</PositionX>
            <PositionY>200</PositionY>
            <Image>wall1</Image>
            <Type>Wall</Type>
        </Tile55>
        <Tile56>
            <IndexX>4</IndexX>
            <IndexY>4</IndexY>
            <PositionX>200</PositionX>
            <PositionY>200</PositionY>
            <Image>floor1</Image>
            <Type>Floor</Type>
        </Tile56>
        <Tile57>
            <IndexX>5</IndexX>
            <IndexY>4</IndexY>
            <PositionX>250</PositionX>
            <PositionY>200</PositionY>
            <Image>floor1</Image>
            <Type>Floor</Type>
        </Tile57>
        <Tile58>
            <IndexX>6</IndexX>
            <IndexY>4</IndexY>
            <PositionX>300</PositionX>
            <PositionY>200</PositionY>
            <Image>floor1</Image>
            <Type>Floor</Type>
        </Tile58>
        <Tile59>
            <IndexX>7</IndexX>
            <IndexY>4</IndexY>
            <PositionX>350</PositionX>
            <PositionY>200</PositionY>
            <Image>floor1</Image>
            <Type>Floor</Type>
        </Tile59>
        <Tile60>
            <IndexX>8</IndexX>
            <IndexY>4</IndexY>
            <PositionX>400</PositionX>
            <PositionY>200</PositionY>
            <Image>floor1</Image>
            <Type>Floor</Type>
        </Tile60>
        <Tile61>
            <IndexX>9</IndexX>
            <IndexY>4</IndexY>
            <PositionX>450</PositionX>
            <PositionY>200</PositionY>
            <Image>floor1</Image>
            <Type>Floor</Type>
        </Tile61>
        <Tile62>
            <IndexX>10</IndexX>
            <IndexY>4</IndexY>
            <PositionX>500</PositionX>
            <PositionY>200</PositionY>
            <Image>floor1</Image>
            <Type>Floor</Type>
        </Tile62>
        <Tile63>
            <IndexX>11</IndexX>
            <IndexY>4</IndexY>
            <PositionX>550</PositionX>
            <PositionY>200</PositionY>
            <Image>floor</Image>
            <Type>Floor</Type>
        </Tile63>
        <Tile64>
            <IndexX>12</IndexX>
            <IndexY>4</IndexY>
            <PositionX>600</PositionX>
            <PositionY>200</PositionY>
            <Image>wall</Image>
            <Type>Wall</Type>
        </Tile64>
        <Tile65>
            <IndexX>0</IndexX>
            <IndexY>5</IndexY>
            <PositionX>0</PositionX>
            <PositionY>250</PositionY>
            <Image>wall</Image>
            <Type>Wall</Type>
        </Tile65>
        <Tile66>
            <IndexX>1</IndexX>
            <IndexY>5</IndexY>
            <PositionX>50</PositionX>
            <PositionY>250</PositionY>
            <Image>floor1</Image>
            <Type>Floor</Type>
        </Tile66>
        <Tile67>
            <IndexX>2</IndexX>
            <IndexY>5</IndexY>
            <PositionX>100</PositionX>
            <PositionY>250</PositionY>
            <Image>floor1</Image>
            <Type>Floor</Type>
        </Tile67>
        <Tile68>
            <IndexX>3</IndexX>
            <IndexY>5</IndexY>
            <PositionX>150</PositionX>
            <PositionY>250</PositionY>
            <Image>wall1</Image>
            <Type>Wall</Type>
        </Tile68>
        <Tile69>
            <IndexX>4</IndexX>
            <IndexY>5</IndexY>
            <PositionX>200</PositionX>
            <PositionY>250</PositionY>
            <Image>floor1</Image>
            <Type>Floor</Type>
        </Tile69>
        <Tile70>
            <IndexX>5</IndexX>
            <IndexY>5</IndexY>
            <PositionX>250</PositionX>
            <PositionY>250</PositionY>
            <Image>floor1</Image>
            <Type>Floor</Type>
        </Tile70>
        <Tile71>
            <IndexX>6</IndexX>
            <IndexY>5</IndexY>
            <PositionX>300</PositionX>
            <PositionY>250</PositionY>
            <Image>floor1</Image>
            <Type>Floor</Type>
        </Tile71>
        <Tile72>
            <IndexX>7</IndexX>
            <IndexY>5</IndexY>
            <PositionX>350</PositionX>
            <PositionY>250</PositionY>
            <Image>floor1</Image>
            <Type>Floor</Type>
        </Tile72>
        <Tile73>
            <IndexX>8</IndexX>
            <IndexY>5</IndexY>
            <PositionX>400</PositionX>
            <PositionY>250</PositionY>
            <Image>floor1</Image>
            <Type>Floor</Type>
        </Tile73>
        <Tile74>
            <IndexX>9</IndexX>
            <IndexY>5</IndexY>
            <PositionX>450</PositionX>
            <PositionY>250</PositionY>
            <Image>floor1</Image>
            <Type>Floor</Type>
        </Tile74>
        <Tile75>
            <IndexX>10</IndexX>
            <IndexY>5</IndexY>
            <PositionX>500</PositionX>
            <PositionY>250</PositionY>
            <Image>floor1</Image>
            <Type>Floor</Type>
        </Tile75>
        <Tile76>
            <IndexX>11</IndexX>
            <IndexY>5</IndexY>
            <PositionX>550</PositionX>
            <PositionY>250</PositionY>
            <Image>floor1</Image>
            <Type>Floor</Type>
        </Tile76>
        <Tile77>
            <IndexX>12</IndexX>
            <IndexY>5</IndexY>
            <PositionX>600</PositionX>
            <PositionY>250</PositionY>
            <Image>wall</Image>
            <Type>Wall</Type>
        </Tile77>
        <Tile78>
            <IndexX>0</IndexX>
            <IndexY>6</IndexY>
            <PositionX>0</PositionX>
            <PositionY>300</PositionY>
            <Image>wall</Image>
            <Type>Wall</Type>
        </Tile78>
        <Tile79>
            <IndexX>1</IndexX>
            <IndexY>6</IndexY>
            <PositionX>50</PositionX>
            <PositionY>300</PositionY>
            <Image>floor1</Image>
            <Type>Floor</Type>
        </Tile79>
        <Tile80>
            <IndexX>2</IndexX>
            <IndexY>6</IndexY>
            <PositionX>100</PositionX>
            <PositionY>300</PositionY>
            <Image>floor1</Image>
            <Type>Floor</Type>
        </Tile80>
        <Tile81>
            <IndexX>3</IndexX>
            <IndexY>6</IndexY>
            <PositionX>150</PositionX>
            <PositionY>300</PositionY>
            <Image>floor1</Image>
            <Type>Floor</Type>
        </Tile81>
        <Tile82>
            <IndexX>4</IndexX>
            <IndexY>6</IndexY>
            <PositionX>200</PositionX>
            <PositionY>300</PositionY>
            <Image>floor1</Image>
            <Type>Floor</Type>
        </Tile82>
        <Tile83>
            <IndexX>5</IndexX>
            <IndexY>6</IndexY>
            <PositionX>250</PositionX>
            <PositionY>300</PositionY>
            <Image>floor1</Image>
            <Type>Floor</Type>
        </Tile83>
        <Tile84>
            <IndexX>6</IndexX>
            <IndexY>6</IndexY>
            <PositionX>300</PositionX>
            <PositionY>300</PositionY>
            <Image>wall1</Image>
            <Type>Wall</Type>
        </Tile84>
        <Tile85>
            <IndexX>7</IndexX>
            <IndexY>6</IndexY>
            <PositionX>350</PositionX>
            <PositionY>300</PositionY>
            <Image>floor1</Image>
            <Type>Floor</Type>
        </Tile85>
        <Tile86>
            <IndexX>8</IndexX>
            <IndexY>6</IndexY>
            <PositionX>400</PositionX>
            <PositionY>300</PositionY>
            <Image>floor1</Image>
            <Type>Floor</Type>
        </Tile86>
        <Tile87>
            <IndexX>9</IndexX>
            <IndexY>6</IndexY>
            <PositionX>450</PositionX>
            <PositionY>300</PositionY>
            <Image>floor1</Image>
            <Type>Floor</Type>
        </Tile87>
        <Tile88>
            <IndexX>10</IndexX>
            <IndexY>6</IndexY>
            <PositionX>500</PositionX>
            <PositionY>300</PositionY>
            <Image>floor1</Image>
            <Type>Floor</Type>
        </Tile88>
        <Tile89>
            <IndexX>11</IndexX>
            <IndexY>6</IndexY>
            <PositionX>550</PositionX>
            <PositionY>300</PositionY>
            <Image>floor1</Image>
            <Type>Floor</Type>
        </Tile89>
        <Tile90>
            <IndexX>12</IndexX>
            <IndexY>6</IndexY>
            <PositionX>600</PositionX>
            <PositionY>300</PositionY>
            <Image>wall</Image>
            <Type>Wall</Type>
        </Tile90>
        <Tile91>
            <IndexX>0</IndexX>
            <IndexY>7</IndexY>
            <PositionX>0</PositionX>
            <PositionY>350</PositionY>
            <Image>wall</Image>
            <Type>Wall</Type>
        </Tile91>
        <Tile92>
            <IndexX>1</IndexX>
            <IndexY>7</IndexY>
            <PositionX>50</PositionX>
            <PositionY>350</PositionY>
            <Image>floor1</Image>
            <Type>Floor</Type>
        </Tile92>
        <Tile93>
            <IndexX>2</IndexX>
            <IndexY>7</IndexY>
            <PositionX>100</PositionX>
            <PositionY>350</PositionY>
            <Image>floor1</Image>
            <Type>Floor</Type>
        </Tile93>
        <Tile94>
            <IndexX>3</IndexX>
            <IndexY>7</IndexY>
            <PositionX>150</PositionX>
            <PositionY>350</PositionY>
            <Image>floor1</Image>
            <Type>Floor</Type>
        </Tile94>
        <Tile95>
            <IndexX>4</IndexX>
            <IndexY>7</IndexY>
            <PositionX>200</PositionX>
            <PositionY>350</PositionY>
            <Image>floor1</Image>
            <Type>Floor</Type>
        </Tile95>
        <Tile96>
            <IndexX>5</IndexX>
            <IndexY>7</IndexY>
            <PositionX>250</PositionX>
            <PositionY>350</PositionY>
            <Image>floor1</Image>
            <Type>Floor</Type>
        </Tile96>
        <Tile97>
            <IndexX>6</IndexX>
            <IndexY>7</IndexY>
            <PositionX>300</PositionX>
            <PositionY>350</PositionY>
            <Image>wall1</Image>
            <Type>Wall</Type>
        </Tile97>
        <Tile98>
            <IndexX>7</IndexX>
            <IndexY>7</IndexY>
            <PositionX>350</PositionX>
            <PositionY>350</PositionY>
            <Image>floor1</Image>
            <Type>Floor</Type>
        </Tile98>
        <Tile99>
            <IndexX>8</IndexX>
            <IndexY>7</IndexY>
            <PositionX>400</PositionX>
            <PositionY>350</PositionY>
            <Image>floor1</Image>
            <Type>Floor</Type>
        </Tile99>
        <Tile100>
            <IndexX>9</IndexX>
            <IndexY>7</IndexY>
            <PositionX>450</PositionX>
            <PositionY>350</PositionY>
            <Image>floor</Image>
            <Type>Floor</Type>
        </Tile100>
        <Tile101>
            <IndexX>10</IndexX>
            <IndexY>7</IndexY>
            <PositionX>500</PositionX>
            <PositionY>350</PositionY>
            <Image>floor1</Image>
            <Type>Floor</Type>
        </Tile101>
        <Tile102>
            <IndexX>11</IndexX>
            <IndexY>7</IndexY>
            <PositionX>550</PositionX>
            <PositionY>350</PositionY>
            <Image>floor1</Image>
            <Type>Floor</Type>
        </Tile102>
        <Tile103>
            <IndexX>12</IndexX>
            <IndexY>7</IndexY>
            <PositionX>600</PositionX>
            <PositionY>350</PositionY>
            <Image>wall</Image>
            <Type>Wall</Type>
        </Tile103>
        <Tile104>
            <IndexX>0</IndexX>
            <IndexY>8</IndexY>
            <PositionX>0</PositionX>
            <PositionY>400</PositionY>
            <Image>wall</Image>
            <Type>Wall</Type>
        </Tile104>
        <Tile105>
            <IndexX>1</IndexX>
            <IndexY>8</IndexY>
            <PositionX>50</PositionX>
            <PositionY>400</PositionY>
            <Image>wall1</Image>
            <Type>Wall</Type>
        </Tile105>
        <Tile106>
            <IndexX>2</IndexX>
            <IndexY>8</IndexY>
            <PositionX>100</PositionX>
            <PositionY>400</PositionY>
            <Image>wall1</Image>
            <Type>Wall</Type>
        </Tile106>
        <Tile107>
            <IndexX>3</IndexX>
            <IndexY>8</IndexY>
            <PositionX>150</PositionX>
            <PositionY>400</PositionY>
            <Image>floor1</Image>
            <Type>Floor</Type>
        </Tile107>
        <Tile108>
            <IndexX>4</IndexX>
            <IndexY>8</IndexY>
            <PositionX>200</PositionX>
            <PositionY>400</PositionY>
            <Image>floor1</Image>
            <Type>Floor</Type>
        </Tile108>
        <Tile109>
            <IndexX>5</IndexX>
            <IndexY>8</IndexY>
            <PositionX>250</PositionX>
            <PositionY>400</PositionY>
            <Image>floor1</Image>
            <Type>Floor</Type>
        </Tile109>
        <Tile110>
            <IndexX>6</IndexX>
            <IndexY>8</IndexY>
            <PositionX>300</PositionX>
            <PositionY>400</PositionY>
            <Image>wall1</Image>
            <Type>Wall</Type>
        </Tile110>
        <Tile111>
            <IndexX>7</IndexX>
            <IndexY>8</IndexY>
            <PositionX>350</PositionX>
            <PositionY>400</PositionY>
            <Image>floor1</Image>
            <Type>Floor</Type>
        </Tile111>
        <Tile112>
            <IndexX>8</IndexX>
            <IndexY>8</IndexY>
            <PositionX>400</PositionX>
            <PositionY>400</PositionY>
            <Image>floor1</Image>
            <Type>Floor</Type>
        </Tile112>
        <Tile113>
            <IndexX>9</IndexX>
            <IndexY>8</IndexY>
            <PositionX>450</PositionX>
            <PositionY>400</PositionY>
            <Image>wall1</Image>
            <Type>Wall</Type>
        </Tile113>
        <Tile114>
            <IndexX>10</IndexX>
            <IndexY>8</IndexY>
            <PositionX>500</PositionX>
            <PositionY>400</PositionY>
            <Image>wall1</Image>
            <Type>Wall</Type>
        </Tile114>
        <Tile115>
            <IndexX>11</IndexX>
            <IndexY>8</IndexY>
            <PositionX>550</PositionX>
            <PositionY>400</PositionY>
            <Image>wall1</Image>
            <Type>Wall</Type>
        </Tile115>
        <Tile116>
            <IndexX>12</IndexX>
            <IndexY>8</IndexY>
            <PositionX>600</PositionX>
            <PositionY>400</PositionY>
            <Image>wall</Image>
            <Type>Wall</Type>
        </Tile116>
        <Tile117>
            <IndexX>0</IndexX>
            <IndexY>9</IndexY>
            <PositionX>0</PositionX>
            <PositionY>450</PositionY>
            <Image>wall</Image>
            <Type>Wall</Type>
        </Tile117>
        <Tile118>
            <IndexX>1</IndexX>
            <IndexY>9</IndexY>
            <PositionX>50</PositionX>
            <PositionY>450</PositionY>
            <Image>floor1</Image>
            <Type>Floor</Type>
        </Tile118>
        <Tile119>
            <IndexX>2</IndexX>
            <IndexY>9</IndexY>
            <PositionX>100</PositionX>
            <PositionY>450</PositionY>
            <Image>floor1</Image>
            <Type>Floor</Type>
        </Tile119>
        <Tile120>
            <IndexX>3</IndexX>
            <IndexY>9</IndexY>
            <PositionX>150</PositionX>
            <PositionY>450</PositionY>
            <Image>floor</Image>
            <Type>Floor</Type>
        </Tile120>
        <Tile121>
            <IndexX>4</IndexX>
            <IndexY>9</IndexY>
            <PositionX>200</PositionX>
            <PositionY>450</PositionY>
            <Image>floor1</Image>
            <Type>Floor</Type>
        </Tile121>
        <Tile122>
            <IndexX>5</IndexX>
            <IndexY>9</IndexY>
            <PositionX>250</PositionX>
            <PositionY>450</PositionY>
            <Image>floor1</Image>
            <Type>Floor</Type>
        </Tile122>
        <Tile123>
            <IndexX>6</IndexX>
            <IndexY>9</IndexY>
            <PositionX>300</PositionX>
            <PositionY>450</PositionY>
            <Image>wall1</Image>
            <Type>Wall</Type>
        </Tile123>
        <Tile124>
            <IndexX>7</IndexX>
            <IndexY>9</IndexY>
            <PositionX>350</PositionX>
            <PositionY>450</PositionY>
            <Image>floor1</Image>
            <Type>Floor</Type>
        </Tile124>
        <Tile125>
            <IndexX>8</IndexX>
            <IndexY>9</IndexY>
            <PositionX>400</PositionX>
            <PositionY>450</PositionY>
            <Image>floor1</Image>
            <Type>Floor</Type>
        </Tile125>
        <Tile126>
            <IndexX>9</IndexX>
            <IndexY>9</IndexY>
            <PositionX>450</PositionX>
            <PositionY>450</PositionY>
            <Image>floor1</Image>
            <Type>Floor</Type>
        </Tile126>
        <Tile127>
            <IndexX>10</IndexX>
            <IndexY>9</IndexY>
            <PositionX>500</PositionX>
            <PositionY>450</PositionY>
            <Image>floor1</Image>
            <Type>Floor</Type>
        </Tile127>
        <Tile128>
            <IndexX>11</IndexX>
            <IndexY>9</IndexY>
            <PositionX>550</PositionX>
            <PositionY>450</PositionY>
            <Image>floor1</Image>
            <Type>Floor</Type>
        </Tile128>
        <Tile129>
            <IndexX>12</IndexX>
            <IndexY>9</IndexY>
            <PositionX>600</PositionX>
            <PositionY>450</PositionY>
            <Image>wall</Image>
            <Type>Wall</Type>
        </Tile129>
        <Tile130>
            <IndexX>0</IndexX>
            <IndexY>10</IndexY>
            <PositionX>0</PositionX>
            <PositionY>500</PositionY>
            <Image>wall</Image>
            <Type>Wall</Type>
        </Tile130>
        <Tile131>
            <IndexX>1</IndexX>
            <IndexY>10</IndexY>
            <PositionX>50</PositionX>
            <PositionY>500</PositionY>
            <Image>floor1</Image>
            <Type>Floor</Type>
        </Tile131>
        <Tile132>
            <IndexX>2</IndexX>
            <IndexY>10</IndexY>
            <PositionX>100</PositionX>
            <PositionY>500</PositionY>
            <Image>floor1</Image>
            <Type>Floor</Type>
        </Tile132>
        <Tile133>
            <IndexX>3</IndexX>
            <IndexY>10</IndexY>
            <PositionX>150</PositionX>
            <PositionY>500</PositionY>
            <Image>floor1</Image>
            <Type>Floor</Type>
        </Tile133>
        <Tile134>
            <IndexX>4</IndexX>
            <IndexY>10</IndexY>
            <PositionX>200</PositionX>
            <PositionY>500</PositionY>
            <Image>floor1</Image>
            <Type>Floor</Type>
        </Tile134>
        <Tile135>
            <IndexX>5</IndexX>
            <IndexY>10</IndexY>
            <PositionX>250</PositionX>
            <PositionY>500</PositionY>
            <Image>floor1</Image>
            <Type>Floor</Type>
        </Tile135>
        <Tile136>
            <IndexX>6</IndexX>
            <IndexY>10</IndexY>
            <PositionX>300</PositionX>
            <PositionY>500</PositionY>
            <Image>wall1</Image>
            <Type>Wall</Type>
        </Tile136>
        <Tile137>
            <IndexX>7</IndexX>
            <IndexY>10</IndexY>
            <PositionX>350</PositionX>
            <PositionY>500</PositionY>
            <Image>floor1</Image>
            <Type>Floor</Type>
        </Tile137>
        <Tile138>
            <IndexX>8</IndexX>
            <IndexY>10</IndexY>
            <PositionX>400</PositionX>
            <PositionY>500</PositionY>
            <Image>floor1</Image>
            <Type>Floor</Type>
        </Tile138>
        <Tile139>
            <IndexX>9</IndexX>
            <IndexY>10</IndexY>
            <PositionX>450</PositionX>
            <PositionY>500</PositionY>
            <Image>floor1</Image>
            <Type>Floor</Type>
        </Tile139>
        <Tile140>
            <IndexX>10</IndexX>
            <IndexY>10</IndexY>
            <PositionX>500</PositionX>
            <PositionY>500</PositionY>
            <Image>floor1</Image>
            <Type>Floor</Type>
        </Tile140>
        <Tile141>
            <IndexX>11</IndexX>
            <IndexY>10</IndexY>
            <PositionX>550</PositionX>
            <PositionY>500</PositionY>
            <Image>floor1</Image>
            <Type>Floor</Type>
        </Tile141>
        <Tile142>
            <IndexX>12</IndexX>
            <IndexY>10</IndexY>
            <PositionX>600</PositionX>
            <PositionY>500</PositionY>
            <Image>wall</Image>
            <Type>Wall</Type>
        </Tile142>
        <Tile143>
            <IndexX>0</IndexX>
            <IndexY>11</IndexY>
            <PositionX>0</PositionX>
            <PositionY>550</PositionY>
            <Image>wall</Image>
            <Type>Wall</Type>
        </Tile143>
        <Tile144>
            <IndexX>1</IndexX>
            <IndexY>11</IndexY>
            <PositionX>50</PositionX>
            <PositionY>550</PositionY>
            <Image>wall</Image>
            <Type>Wall</Type>
        </Tile144>
        <Tile145>
            <IndexX>2</IndexX>
            <IndexY>11</IndexY>
            <PositionX>100</PositionX>
            <PositionY>550</PositionY>
            <Image>wall</Image>
            <Type>Wall</Type>
        </Tile145>
        <Tile146>
            <IndexX>3</IndexX>
            <IndexY>11</IndexY>
            <PositionX>150</PositionX>
            <PositionY>550</PositionY>
            <Image>wall</Image>
            <Type>Wall</Type>
        </Tile146>
        <Tile147>
            <IndexX>4</IndexX>
            <IndexY>11</IndexY>
            <PositionX>200</PositionX>
            <PositionY>550</PositionY>
            <Image>wall</Image>
            <Type>Wall</Type>
        </Tile147>
        <Tile148>
            <IndexX>5</IndexX>
            <IndexY>11</IndexY>
            <PositionX>250</PositionX>
            <PositionY>550</PositionY>
            <Image>wall</Image>
            <Type>Wall</Type>
        </Tile148>
        <Tile149>
            <IndexX>6</IndexX>
            <IndexY>11</IndexY>
            <PositionX>300</PositionX>
            <PositionY>550</PositionY>
            <Image>wall</Image>
            <Type>Wall</Type>
        </Tile149>
        <Tile150>
            <IndexX>7</IndexX>
            <IndexY>11</IndexY>
            <PositionX>350</PositionX>
            <PositionY>550</PositionY>
            <Image>wall</Image>
            <Type>Wall</Type>
        </Tile150>
        <Tile151>
            <IndexX>8</IndexX>
            <IndexY>11</IndexY>
            <PositionX>400</PositionX>
            <PositionY>550</PositionY>
            <Image>wall</Image>
            <Type>Wall</Type>
        </Tile151>
        <Tile152>
            <IndexX>9</IndexX>
            <IndexY>11</IndexY>
            <PositionX>450</PositionX>
            <PositionY>550</PositionY>
            <Image>wall</Image>
            <Type>Wall</Type>
        </Tile152>
        <Tile153>
            <IndexX>10</IndexX>
            <IndexY>11</IndexY>
            <PositionX>500</PositionX>
            <PositionY>550</PositionY>
            <Image>wall</Image>
            <Type>Wall</Type>
        </Tile153>
        <Tile154>
            <IndexX>11</IndexX>
            <IndexY>11</IndexY>
            <PositionX>550</PositionX>
            <PositionY>550</PositionY>
            <Image>wall</Image>
            <Type>Wall</Type>
        </Tile154>
        <Tile155>
            <IndexX>12</IndexX>
            <IndexY>11</IndexY>
            <PositionX>600</PositionX>
            <PositionY>550</PositionY>
            <Image>wall</Image>
            <Type>Wall</Type>
        </Tile155>
    </Tiles>
    <Nodes>
        <Node0>
            <IndexX>1</IndexX>
            <IndexY>2</IndexY>
            <PositionX>50</PositionX>
            <PositionY>100</PositionY>
            <Image>playerNode</Image>
            <Type>Node</Type>
        </Node0>
        <Node1>
            <IndexX>11</IndexX>
            <IndexY>2</IndexY>
            <PositionX>550</PositionX>
            <PositionY>100</PositionY>
            <Image>NPCNode</Image>
            <Type>Node</Type>
        </Node1>
        <Node2>
            <IndexX>5</IndexX>
            <IndexY>4</IndexY>
            <PositionX>250</PositionX>
            <PositionY>200</PositionY>
            <Image>NPCNode</Image>
            <Type>Node</Type>
        </Node2>
        <Node3>
            <IndexX>8</IndexX>
            <IndexY>9</IndexY>
            <PositionX>400</PositionX>
            <PositionY>450</PositionY>
            <Image>NPCNode</Image>
            <Type>Node</Type>
        </Node3>
        <Node4>
            <IndexX>3</IndexX>
            <IndexY>10</IndexY>
            <PositionX>150</PositionX>
            <PositionY>500</PositionY>
            <Image>NPCNode</Image>
            <Type>Node</Type>
        </Node4>
        <NoOfNodes>5</NoOfNodes>
    </Nodes>
</Map_Export>
